name;name_en;category;website;address;city;geometry;info
BaseCamp Troms√∏ (ski- og sykkelreparat√∏r);BaseCamp Troms√∏ (ski and cycle repair);tools;https://www.facebook.com/basecamptromso/;Mellomvegen 16;9007 Troms√∏;18.9486,69.64704;
Bike Kitchen;Bike Kitchen;tools;https://www.facebook.com/profile.php?id=100068874124114;Strandvegen 50;9007 Troms√∏;18.94056,69.64099;
Bondens Marked Troms√∏;Troms√∏ Farmers Market;food; https://www.facebook.com/BondensmarkedArktis, https://bondensmarked.no/;Stortorget;9008 Troms√∏;18.95914,69.65135;
Edel Antikk og Vintage;Edel Antique and Vintage;clothes;;Storgata 62;9008 Troms√∏;18.95500,69.64905;
Elesco (hvitevarereparat√∏r);Elesco (appliance repair);tools;http://www.elesco.no/;Sj√∏lundvegen 7;9016 Troms√∏;18.913333,69.666493;
Framtiden i V√•re Hender Nord kontor;Framtiden i V√•re Hender Nord office;sports;https://www.framtidennord.no/;5.etg i R√∏dbanken, Storgata 66 (Si fra i resepsjonen, eller avtal med Marie eller Hanne Gro);9008 Troms√∏;18.9560021, 69.649255;
F√∏rste l√∏rdag i m√•neden: Utend√∏rs bruktmarked;First Saturday of the month: outdoor flea market;events;https://fb.me/e/34XsP5m2x;R√∏dbanken, Storgata 66;9008 Troms√∏;18.95552130, 69.6490254;i regi FIVH Nord
getaround (bildeling);getaround (car pooling);sports;https://no.getaround.com/;;Norge;18.9927350164, 69.6644767;
Gjenbruken Troms√∏ (NLM Second Hand);Gjenbruken Troms√∏ (NLM Second Hand);clothes;https://gjenbruken.no/tromso/;Strandgata 5;9008 Troms√∏;18.95318,69.64613;Vi driver gjenbruksbutikken Gjenbruken (eller NLM Gjenbruk som det fortsatt st√•r p√• skiltet) i Strandgata 5. Alle jobber frivillig, og overskuddet g√•r til Misjonssambandet som bl.a. driver mange prosjekter i Afrika, Asia og S√∏r-Amerika. Les om prosjektene p√• skolehelsevann.noV√•re st√∏rste varegrupper er kl√¶r og andre tekstiler, kj√∏kkenutstyr og nips, men det er ogs√• mye annet spennende √• finne. Gjenbruken skaper b√¶rekraft b√•de lokalt og globalt.
Gullsmed Kristiansen AS (smykker/klokker);Gullsmed Kristiansen AS (jewlery/watch repair);tools;;Kirkegata 14;9008 Troms√∏;18.95536,69.64851;
HappyCow - vegetar/vegan matguide;HappyCow - vegan and vegetarian food guide;food;https://www.happycow.net/europe/norway/tromsoe/;internettet;Kaf√©er og restauranter;18.97028, 69.64623;Matguide hvor du finner du vegetariske og veganske alternativer i hele verden med brukeranmeldelelser og bilder. Finnes som app og nettside.
Holt Dyrkingslag og Holt √òkopark;Holt √òkopark (urban farm and gardening club);sports;https://www.holtokopark.no/;Holtvegen 71;9016 Troms√∏;18.909603188, 69.651710981;
Lyngen (opplevelser);Lyngen (excursions);bike;Her kan man g√• seg en tur, fjellet kaller. Gode bussforbindelser.;;Lyngen;18.966695, 69.629080;
Mobit Stakkevollvegen - Troms√∏ (mobil/data reparasjon);Mobit (technology repair);tools;https://www.facebook.com/mobitStakkevollvegen/;Stakkevollvegen 96;9010 Troms√∏;18.96897,69.66717;
OmM√∏blert;OmM√∏blert;clothes;http://www.ommoblert.no/;Skippergata 35-39, Inngang fra, Otto Sverdrups gate;9008 Troms√∏;18.96485,69.65589;
PC-legen (datareparasjon);PC-legen (computer and laptop repair);tools;http://www.pc-legen.no/;Th √òiens gate 9;9009 Troms√∏;18.9499857207, 69.654114676;
Perfekt Renseri AS;Perfekt Renseri AS;clothes;;Gr√∏nnegata 99;9008 Troms√∏;18.95748,69.65264;
Postludium - bruktbutikk;Postludium - second-hand store;clothes;https://kirkensbymisjon.no/gjenbruksbutikken-postludium/;Skippergata 4 A;9008 Troms√∏;18.96034,69.65279;gj√∏r diverse syjobber som reparasjon
Rebell Remiks B√¶rekraftssenter (gjenbruk & kaf√©);Rebell Remiks (2nd Hand/cafe);clothes;https://blirebell.no/;Kval√∏yvegen 329;9016 Troms√∏;18.9198051,69.669132324;Vi har varemottak for salgbare varer som noen kan se nytte i.  Du kan ogs√• finne m√∏bler til hybelen eller leiligheten til en billig penge. Vi tilbyr gratis henting av m√∏bler som er salgbare, og i kan ogs√• levere avfall til returstasjonen for en billig penge.Utover hs√∏ste vil det bli arrangert b√•de sykurs, malekurs i v√•rt verksted. Det jobbes med tilbud om √• l√•ne/leie symaskin og enkle verkt√∏y for sm√• reparasjoner. V√•re egne,  store Pent:Brukt-markeder er kjempepopul√¶re og arrangeres med jevne mellomrom.Det st√•r mye p√• agendaen utover h√∏sten, og som vi jobber med √• iversette. Og hver l√∏rdag har vi kafe med hyggelige priser. Det er lokale idrettslag og foreninger som driver kafeen, og f√•r.
Rebell Remiks B√¶rekraftssenter (sykurs, verkt√∏yutl√•n);Rebell Remiks (repair/sewing course);tools;https://blirebell.no/;Kval√∏yvegen 329;9016 Troms√∏;18.92023238, 69.6690853;
REKO-Ringen (direktehandel fra bonden);REKO-Ringen (buy directly from local farms);food;https://www.facebook.com/groups/rekotromso/;Breiviklia 2;9019 Troms√∏;18.981207,69.678623;(pop-up sjekk Facebook), parkeringsplass utenfor Breivikahallen
SJ√òMATGUIDEN ‚Äì VELG MILJ√òVENNLIG SJ√òMAT;SJ√òMATGUIDEN ‚Äì seafood guide for environmentally concious seafood choices;food;https://www.wwf.no/sj√∏matguiden;internettet;N√•r du velger i butikken;18.96391, 69.64420;Bruk denne sj√∏matguiden n√•r du handler fisk i butikk. Mange fiskemetoder p√• mange typer matfisk er r√∏dt lys (truet fiskebestand, milj√∏fiendtlig). Se iallefall etter MSC eller FSC sertifiseringsmerkene n√•r du handler fisk.
Steget Videre Skomakeri;Steget Videre Skomakeri (shoemaker);tools;https://www.stegetvidere.no;Torgcenteret 1.etg, Storgata 81;9008 Troms√∏;18.95832,69.65071;OMS√ÖLING REPARASJONER GLIDEL√ÖS GROVS√òM
Svermeri Kaf√© og Redesign;Svermeri Kaf√© og Redesign;clothes;https://www.facebook.com/svermeri;Skippergata 2;9008 Troms√∏;18.95992783, 69.6527366;
Svipper (lokal og regional buss);Svipper (local and regional bus);bike;https://svipper.no/;Samuel Arnesens gate 5, 2. etg;Troms-regionen;18.960095263, 69.6471734924;
TORSDAGER: Fiksekveld p√• Troms√∏ folkeverksted kl 18:00-20:30;Thursdays: Repair evenings, Troms√∏ folkeverksted 18:00-20:30 (reuse and repair);events;https://fb.me/e/32jZipQiQ;Adolf Thomsens gate 5;9008 Troms√∏;18.9572390, 69.649386433;Gratis reparasjons- og hobbyverksted. Fellesskap hvor du f√•r hjelp til √• bruke verkt√∏y og utstyr for √• reparere og vedlikeholde SKI, SYKKEL, TEKSTIL og en god del mer. Frivillig drevet av FIVH Troms√∏ som veileder deg med verkt√∏yene og reparasjonene. Men du m√• oftest reparere og f√∏le p√• mestringa sj√¶l.
Trenger vi flere matvalg p√• kartet?;Do we need more food spots on the map?;food;Add places/feedback at bottom of the guide;Troms√∏;Troms√∏;18.94782,69.67012;
Troms√∏ bibliotek;Troms√∏ public library;sports;http://www.tromso.kommune.no/bibliotek;Gr√∏nnegata 94;9008 Troms√∏;18.954709089, 69.650710018;B√∏ker, gamle og nye, filmer, spill, kaffe og aviser.
Troms√∏ Bruktbokhandel;Troms√∏ Bruktbokhandel (used bookstore);clothes;https://www.facebook.com/Troms%C3%B8-Bruktbokhandel-478411402273244/;Kirkegata 6 (til venstre bak City to Summit);9008 Troms√∏;18.95644,69.64827;
Troms√∏ Folkeverksted (regi Framtiden i v√•re hender Troms√∏);Troms√∏ Folkeverksted (hobby workshop, free tools);tools;https://www.framtidennord.no/;Samuel Arnesens gate 5;9008 Troms√∏;18.9569737, 69.64918471;
Troms√∏ Frimerke & Mynt (samt b√∏ker/spill);Troms√∏ Frimerke & Mynt (collectibles, games, and books);clothes;https://www.facebook.com/TromsoFrimerkeogMynt/?locale=nb_NO;Storgata 81B;9008 Troms√∏;18.95769,69.65078;
Troms√∏ Husflidslag;Troms√∏ Husflidslag (handcraft);tools;https://husflid.no/lag/troms-regionhusflidslag/tromso-husflidslag/;Troms fylkeskultursenter Kysten Strandveien 65;9006 Troms√∏;18.933538,69.637803;Kurs i diverse
Troms√∏ Outdoor (service/reparasjon);Troms√∏ Outdoor (service and repair);tools;http://www.tromsooutdoor.no/;Fredrik Langes gate 14;9008 Troms√∏;18.95797,69.64935;Rental of eqipment (bikes, ski, etc), service and repair. 
Troms√∏ Outdoor (utleie av sykkel/ski);Troms√∏ Outdoor (ski and cycle rental);bike;http://www.tromsooutdoor.no/;Fredrik Langes gate 14;9008 Troms√∏;18.95797,69.64926;
Troms√∏ Ski og Sykkel (service/reparasjon);Troms√∏ Ski og Sykkel (service and repair);tools;https://www.tromsoskiogsykkel.no/;√Ürfuglvegen 3B;9015 Troms√∏;18.93028,69.67523;
Troms√∏ Skomakerverksted;Troms√∏ Skomakerverksted (shoemaker);tools;http://tromsoskomakerverksted.no/;Strandgata 34;9008 Troms√∏;18.95600, 69.64804;V√•rt dyktige team av skomakere har lang erfaring innen skoreparasjon. Vi kan fikse alt fra s√•ler og h√¶ler til s√∏mmer og glidel√•ser, slik at du kan bruke favorittskoene dine lenger.
Troms√∏skapere - MAKERSPACE;Troms√∏skapere - MAKERSPACE;tools;https://www.tromsoskapere.no/skogstua;Skogstua i L√¶rerskolevegen 8;9006 Troms√∏;18.92432, 69.63568;Skogstua fellesverksted er et sted for gjester og medlemmer som √∏nsker √• holde p√• med skapende aktiviteter, det v√¶re seg h√•ndverk, kreative eller teknologiske uttrykk. Medlemmer som √∏nsker √• ha tilgang til lokalene 24/7 kan f√• dette ved √• kj√∏pe tilgang p√• medlemssiden hos smartorg.no. Ikke medlem? Meld deg inn her.Skogstua skal ogs√• brukes til kurs, aktiviteter, prosjekter og samarbeid med andre milj√∏. Velkommen til v√•rt nye fellesverksted!
TURBO (utl√•n av sports-/turutstyr);TURBO (loan of sports and outdoor equipment);sports;https://www.facebook.com/TromsoTurutstyr;Gr√∏nnegata 94;9008 Troms√∏;18.95490813, 69.65105179;
TURBO (utl√•n av sykler/ski);TURBO (bike and ski loan);bike;https://www.facebook.com/TromsoTurutstyr;Gr√∏nnegata 94;9008 Troms√∏;18.95476331, 69.65093643;
UFF Second Hand Troms√∏;UFF Second Hand Troms√∏;clothes;http://uffnorge.org/;Storgata 41;9008 Troms√∏;18.95335,69.64714;
√òivind Holmboe Guitarworks;√òivind Holmboe Guitarworks;tools;http://www.guitarworks.no/;M Urdals veg 6;9011 Troms√∏;18.94568,69.65826;
DYRK Troms√∏;DYRK Troms√∏;food;https://www.facebook.com/dyrktromso;Dramsveien 16;9009 Troms√∏;18.9570796775, 69.65467531;
Fru Berg (Plantesalg, kurs, gr√∏nnsakssalg om h√∏sten);Fru Berg (garden and plants);food;https://www.instagram.com/frubergfratromso/;Bergholmvegen 5;9021 Tromsdalen;18.9472367064, 69.56700840;Lokal Plantesalg, gr√∏nnsaker, potet, b√¶rekraftig kaffe (annonseres √•pningstiden via FB/instagram, men stort sett √•pent i helgene + helligdager). G√•rdsutssalg, selvplukk/selvbetjent, √∏kologisk, av og til kaf√©
Nyg√•rd Hagebruk (Planter, fr√∏, busker, hageutstyr, gr√∏nnsakssalg om h√∏sten);Nyg√•rd Hagebruk (garden and plant);food;http://www.hagebruk.no/ ;Salar√∏yvegen 703;9103 Kval√∏ysletta;18.99374697, 69.733901;
Eilertsens Gartneri (Planter, fr√∏, busker, hageutstyr, gr√∏nnsakssalg om h√∏sten);Eilertsens Gartneri (garden and plant);food;;Salar√∏yvegen 753;9100 Kval√∏ysletta;18.9997122, 69.73595;
Tr√•kk 9000 (sykkel service/reparasjon);Tr√•kk 9000 (bike service and repair);tools;;Strandvegen 73;9007 Troms√∏;18.93612421, 69.639295;Bicycle service and repair
XXL Troms√∏ (sykkel service/reparasjon);XXL Troms√∏ (bike service and repair);tools;;Karls√∏yvegen 1;9015 Troms√∏;18.92251812, 69.6724257;Bicycle and ski service and repair
Troms√∏ skatepark;Troms√∏ skatepark;bike;;Skansegata/Fr Nansens Plass;9008 Troms√∏;18.9663515, 69.6544613;Usikkert om skateparken passer her, og jehg fant en artikkel at det usikkert om det kan bli (dessverre) https://www.nordnorskdebatt.no/skateparken-fra-drom-til-virkelighet-og-tilbake-igjen/o/5-124-305872
Systue MPN Design;Systue MPN Design (sewing);tools;https://mpndesignsystue.com/;Storgata 57;9008 Troms√∏;18.95483373, 69.6482243;Reparasjon og tilpassing av kl√¶r
Stofflykke;Stofflykke (sewing and fabric store);tools;;Kval√∏yvegen 329;9016 Troms√∏;18.92019556, 69.668686900;Stort utvalg av stoffer, symaskiner, utstyr og kurs
Symaskin og s√∏m Troms√∏ (Salg/Service/Reperasjoner/Oppl√¶ring /Kurs);Symaskin og s√∏m Troms√∏ (sale, service, and repair of sewing machines as well as instruction sewing courses);tools;https://www.facebook.com/symaskinogsom/?locale=nb_NO;Solstrandvegen 25;9020 Troms√∏;18.97621035, 69.64211973;Stoffer, symaskiner, utstyr og kurs
Plantesalg p√• botanisk hage;Plant sale at the botanical garden ;sports;https://www.facebook.com/events/592843323410728;Universitet i Troms√∏ Post Box 6050 Langnes;9037 Troms√∏;18.976621113, 69.67681121;Salg av nyttevekster
Gr√∏nt antikvariat (brukthandel med brukte b√∏ker);Gr√∏nt antikvariat (2nd hand bookstore);clothes;Gr√∏nt antikvariat er driven av Kulturorganisasjonen Avvik. Epost: avvik2007@gmail.com;Storgata 118. Open torsdagar 14-17, l√∏rdagar 12- 15.;9008 Troms√∏;18.95930811,69.653084548;Flott bruktbokbutikk - god litteratur. Tar imot og selger.
Soppkontroll s√∏ndager 15:00 - 17:00;Mushroom check (sundays 15:00-17-00;food;https://tromso.soppognyttevekster.no/kalender/;Troms√∏ Museum ‚Äì Universitetsmuseet, Lars Th√∏rings veg 10. S√∏ndager 15:00-17:00 i soppsesong (h√∏st);9006 Troms√∏;18.91360745, 69.63502020;" Kom til Troms√∏ Museum og f√• sjekket kurven din helt gratis. Sertifiserte soppkontroll√∏rer g√•r gjennom soppfangsten din, og passer p√• at du bare har spiselige sopper med deg hjem. Vi har ogs√• en liten utstilling av sopp som er √• finne akkurat n√• i Troms√∏-omr√•det, b√•de til inspirasjon og l√¶ring. Du kan ogs√• f√• kj√∏pt en soppbok som passer til ditt niv√•, fra nybegynner til ganske avansert.¬† Soppkontrollen er gratis og tilgjengelig for alle. OPPM√òTEDETALJER Vi er p√• Troms√∏ Museum. Vi st√•r enten utenfor museet eller i museumssalen, litt avhengig av v√¶ret."
H√•ndtarbeid, skrable og kaffetid - √•pent for alle (SevenDesign Atelier);Handcraft, chatting and coffee time - open for all;sports;https://www.facebook.com/events/1046243856848668/1046688996804154/;SevenDesign Atelier, tirsdager kl 11-17;9008 Troms√∏;18.9557214, 69.6481122;"fellesskap, rundt h√•ndverk. gratis og √•pent for alle. Flere har savnet √• ha et fast sted √• g√• til en dag i uka for √• drive med h√•ndarbeidet sitt sammen med andre, b√•de kjente og ukjente, og for √• drikke kaffe og skravle og ja, bare ha det trivelig og sosialt. De har da foresl√•tt her i 2. etg., i Kunstkroken Kaf√©, der lokale kunstnere ogs√• har ny utstilling hver mnd. Jeg foresl√•r n√• hver tirsdag her, oppe i Kunstkroken Kaf√©, kl. 11-17. Det er kaffe og vafler her og dere vil f√• et bra tilbud hos meg. Dere kan ogs√• bestille annen mat, (men det m√• bestilles et par dager p√• forh√•nd), men ikke noe krav √• kj√∏pe mat/drikke her. For √• v√¶re her betaler dere ingenting. Velkommen innom, og h√•per p√• et bra oppm√∏te! üòÉ "
Interrail!;Interrail!;bike;https://www.interrail.eu/en;Verden st√•r for dine f√∏tter (og skinner!);Europa!;18.95887556155, 69.6465222595;Overnatting i seng, gynges i s√∏vn, morgenkaffe i kup√©en. Tid, fred og ro, hyggelige medmennsker, og b√¶rekraftig valg.
Entur.org (buss & tog s√∏rover i Norge);entur.org (bus & trains southwards in Norway);bike;http://entur.org;Til Oslo: Buss 100 til Fauske. Dag-/nattog til Trondheim. Natt-/dagtog til Oslo.;Norge!;18.9613137843, 69.6470727404;
Reise langs land til Finland;Traveling by land to Finland;bike;;Ta den dyre turistbussen (BestArctic/The Arctic Route) til Killpisj√§rvi, evt. helt til Levi store deler av √•ret, videre med billigere busser: Onnibus og Matkahuolto. (Natt-)Tog videre fra Kolari.;;18.9751406, 69.64415493;
Troms√∏ Meditasjon og Yoga (vegetarmat-kurs, felleskap);Troms√∏ Meditation and yoga (vegetarian courses, community);food;https://www.tromsomeditasjon.no;Storgata 132A;9008 Troms√∏;18.960600120, 69.65419634473;
L√∏rdag kl 2 (m√∏teplass for kvinner;L√∏rdag kl 2(meeting community for women);sports;https://www.facebook.com/groups/lordagkl2;Sj√∏gata 1;9008 Troms√∏;18.959549656336893, 69.64825557302703;
Kval√∏ysletta Husflidslag (kurs, h√•ndverk, treff);Kval√∏ysletta Husflidslag (handcraft activities);tools;https://www.facebook.com/kvaloyslettahusflidslag;Slettavegen 16; 9101 Kval√∏ysletta;18.88126491496, 69.6960753689;
R√∏dtindheimen Bruktmarked (ca. m√•nedlig);R√∏dtindheimen Bruktmarked (2nd Hand, monthly);clothes;https://www.facebook.com/profile.php?id=100094777765426;Salar√∏yvegen 55; 9102 Kval√∏ysletta;18.8927251386, 69.69930580631;
